Season,TeamA_ID,TeamB_ID,DIFF_EFG,Diff_TOV,DIFF_ORB,DIFF_FTR,Win_A,SeedA,SeedB,Pred_Prob_Win,Pred_Win,Correct
2023,1242,1411,0.1919382504288165,-7.346671003262578,0.25,0.2483704974271011,1,1,16,0.9999999799701289,1,1
2023,1222,1331,0.278642936596218,3.477379121529125,0.1999999999999999,0.1890989988876529,1,1,12,0.9999999756879457,1,1
2023,1112,1394,0.325,6.809157182237957,-0.0526315789473684,0.2766666666666666,1,2,16,0.9999999664361712,1,1
2023,1397,1280,0.3737300435413643,6.258843943293435,0.0,-0.2630624092888243,1,4,11,0.9999998576276329,1,1
2023,1116,1421,0.1549999999999999,-15.177463039589268,0.125,0.0066666666666666,1,8,15,0.999999746870834,1,1
2023,1234,1369,0.1574903969270166,-1.5344830027103151,0.25,0.3873239436619718,1,8,16,0.9999996880076641,1,1
2023,1234,1231,0.2276500638569604,2.187313581228871,0.1999999999999999,0.1181353767560663,1,8,4,0.999999536058516,1,1
2023,1211,1388,0.2896296296296297,-1.002342608539502,-0.2307692307692307,0.0022222222222222,1,3,5,0.9999991253586202,1,1
2023,1345,1336,0.0986277873070325,-1.2785113089610185,0.6666666666666667,0.179073756432247,1,1,10,0.9999990065915362,1,1
2023,1388,1436,0.0886299435028248,-8.014669849349499,0.5714285714285714,0.0550847457627118,1,5,15,0.9999988715526746,1,1
2023,1338,1321,0.1848816029143898,-2.5215340338285106,0.0,0.2868852459016393,1,11,7,0.9999986771339415,1,1
2023,1124,1364,0.1172468987595037,-4.417884582516866,0.3999999999999999,0.1300520208083233,1,3,14,0.9999976844019564,1,1
2023,1192,1411,0.1921458625525946,0.7084212710431963,-0.2307692307692307,0.5287517531556802,1,16,16,0.9999969529295166,1,1
2023,1181,1338,0.2443633952254642,-2.1320760789109503,-0.0666666666666666,-0.1511936339522546,1,5,11,0.9999944242993059,1,1
2023,1113,1305,0.1498251748251747,-9.596296882781283,-0.1111111111111111,0.1671328671328671,1,11,11,0.9999941454585374,1,1
2023,1112,1113,0.2853146853146853,8.16503847493587,-0.0666666666666666,0.0083916083916083,1,2,11,0.9999940217668318,1,1
2023,1242,1281,0.1995973540408397,-9.507900525778153,-0.1764705882352941,-0.0920333620937589,1,1,7,0.9999924620852467,1,1
2023,1104,1280,0.1810344827586206,-7.612964134703267,0.0,-0.141533710756562,1,1,11,0.9999882401611976,1,1
2023,1163,1116,0.3002645502645503,7.588655282411416,-0.1999999999999999,-0.0396825396825396,1,4,8,0.9999881431812943,1,1
2023,1301,1181,0.0949404761904761,-20.898500489789768,0.1,-0.306547619047619,1,11,5,0.9999824517193187,1,1
2023,1242,1224,0.1195052136577387,-7.021456141793932,0.1666666666666666,0.0288284604375383,1,1,16,0.9999814989872848,1,1
2023,1338,1192,0.1748768472906404,-1.2228190643795358,-0.0909090909090908,0.1343732895457033,1,11,16,0.9999659295163537,1,1
2023,1242,1235,0.1454545454545455,-6.648190566356313,-0.3636363636363636,0.3545454545454546,1,1,6,0.9999539885336868,1,1
2023,1400,1235,0.1108622620380739,-6.8420379461210885,0.2222222222222222,-0.0836132885405002,1,2,6,0.999949461285248,1,1
2023,1104,1401,0.1640625,-0.4163266492660824,0.1052631578947368,-0.0416666666666666,1,1,7,0.9999399848764313,1,1
2023,1345,1211,0.0872277954489845,1.673056887069183,0.2941176470588235,0.3009542451676046,1,1,3,0.999934824001606,1,1
2023,1268,1321,0.1730769230769231,-1.70360279832839,-0.0666666666666666,0.0217706821480406,1,8,7,0.9999317521814663,1,1
2023,1400,1159,0.1896551724137931,4.572145520932287,0.1,-0.0172413793103448,1,2,15,0.9999235873321876,1,1
2023,1120,1159,0.1180937418172296,-6.053560673607397,0.1428571428571428,-0.0945273631840795,1,9,15,0.9998929682709223,1,1
2023,1400,1242,0.0839822024471634,-7.336541528199424,0.1111111111111111,0.0901001112347052,1,2,1,0.9998866604172664,1,1
2023,1336,1401,0.1744854721549636,-8.308038009097125,-0.3636363636363636,-0.0069612590799031,1,10,7,0.9998703399824815,1,1
2023,1129,1401,0.1908307210031347,7.39048281981294,-0.2222222222222222,0.3699059561128527,1,10,7,0.99986053330956,1,1
2023,1462,1166,0.0839285714285714,-5.450303303961407,0.2941176470588235,-0.0571428571428571,1,3,6,0.999855989720281,1,1
2023,1274,1181,0.0761470425649529,-14.695003577936433,0.0,-0.0765616362631287,1,5,5,0.9998444008649047,1,1
2023,1112,1425,0.186206896551724,8.942996846611935,0.1428571428571428,0.0389920424403182,1,2,10,0.9998199135897037,1,1
2023,1129,1305,0.0903846153846154,-13.357012037703786,-0.1428571428571428,0.0227272727272727,1,10,11,0.999810927464831,1,1
2023,1194,1297,0.1536511156186613,3.466274211237096,0.0,0.1585530764029749,1,9,16,0.9998006282536305,1,1
2023,1277,1231,0.0336363636363635,-3.611870363139405,0.5384615384615385,0.0254545454545454,1,7,4,0.9998003131719181,1,1
2023,1104,1268,0.0871647509578544,-3.275844825296476,0.1818181818181818,0.0938697318007663,1,1,8,0.9997969509702002,1,1
2023,1417,1113,0.0168759811616954,-8.020007463517153,0.3333333333333333,0.1589481946624804,1,2,11,0.9997792090440902,1,1
2023,1281,1235,0.1226415094339622,-7.601305778880917,-0.2222222222222222,0.1262199089134678,1,7,6,0.9997774918650215,1,1
2023,1345,1234,0.1478260869565217,12.415964936245713,0.411764705882353,0.0985507246376811,1,1,8,0.9997716043413745,1,1
2023,1231,1244,0.1579051383399209,4.480450381277043,-0.1428571428571428,0.2924901185770751,1,4,14,0.9997271433414582,1,1
2023,1277,1425,0.053639846743295,-6.185327909798046,0.0,0.3250319284802043,1,7,10,0.9996772074339191,1,1
2023,1268,1345,0.0588679245283018,1.2864265149919216,0.4545454545454546,0.1018867924528301,1,8,1,0.999663879157226,1,1
2023,1400,1418,0.186191284663271,2.0282944264326552,0.0,-0.199490662139219,1,2,13,0.999512693908529,1,1
2023,1345,1336,0.1411290322580645,5.519679956009611,0.125,0.0766129032258064,1,1,10,0.99948155989362,1,1
2023,1116,1246,0.1666666666666666,-1.5878170077139124,-0.3846153846153846,0.1802656546489563,1,8,6,0.9994784397302994,1,1
2023,1163,1266,0.11372334609076,11.20447082658419,0.5454545454545454,0.0158556588299617,1,4,2,0.9994520569912605,1,1
2023,1112,1231,0.0786749482401655,0.0749075506225835,0.0909090909090908,0.2663906142167012,1,2,4,0.9994414521530903,1,1
2023,1361,1129,0.1644042232277526,-0.8967788823519474,-0.2727272727272727,0.0855957767722473,1,5,10,0.999398748337065,1,1
2023,1243,1395,0.0514811619211964,-3.6694950194844616,0.1999999999999999,0.1489790048892723,1,3,6,0.999365728750551,1,1
2023,1166,1462,0.1172043010752688,4.067479879182082,0.1666666666666666,0.0854838709677419,1,6,3,0.9992996832978294,1,1
2023,1401,1120,0.0771799628942486,-5.934718100890208,0.1428571428571428,-0.0534322820037105,1,7,9,0.9992776445736815,1,1
2023,1462,1452,0.0526401564537157,5.43508065692366,0.3333333333333333,0.3226857887874836,1,3,9,0.9990510474206535,1,1
2023,1181,1462,0.0943732193732193,-5.390360722505381,0.0,-0.0135327635327635,1,5,3,0.9990487115442334,1,1
2023,1280,1281,0.07,-5.175281543994057,0.0588235294117647,0.08,1,11,7,0.9990395791658001,1,1
2023,1331,1411,0.1424549549549549,1.678809765676263,0.0,-0.0232732732732732,1,12,16,0.9990284900945818,1,1
2023,1104,1281,0.1716976264189886,14.704684071862072,0.2307692307692307,0.0753353973168214,1,1,7,0.9990061847930741,1,1
2023,1343,1281,0.073241671073506,3.203339678618473,0.3043478260869565,0.127181385510312,1,15,7,0.9989634320160814,1,1
2023,1163,1166,0.0724043715846994,-11.759033162340362,-0.1428571428571428,0.0062841530054645,1,4,6,0.9989593306862778,1,1
2023,1242,1124,0.0359797799583704,-8.382032328392484,0.0,0.2024977698483496,1,1,3,0.9988620639982289,1,1
2023,1345,1452,0.1433637284701114,9.628310350624073,-0.0526315789473684,0.325903411009794,1,1,9,0.9987875523162638,1,1
2023,1104,1116,0.1036733454766241,-1.5311004008441138,-0.2307692307692307,0.2896174863387978,1,1,8,0.9985745237427537,1,1
2023,1163,1361,0.1176846818036456,1.3702371135933973,-0.0909090909090908,0.1704509114166933,1,4,5,0.9985694308788415,1,1
2023,1417,1246,0.0995762711864406,-7.873513314837371,-0.2258064516129032,0.0511122881355932,1,2,6,0.9985664045044846,1,1
2023,1438,1301,0.0645763344531542,-11.150367652609804,-0.4666666666666666,0.3878312803284807,1,4,11,0.9985112182262971,1,1
2023,1268,1336,-0.0268968285828984,-2.91165613732721,0.3333333333333333,0.413890004014452,1,8,10,0.9984246424772402,1,1
2023,1112,1425,0.1342690677966102,-3.2240512542917905,-0.2222222222222222,0.0121822033898305,1,2,10,0.9984131391101401,1,1
2023,1116,1361,-0.0266129032258064,-0.6420791161286665,0.5384615384615385,0.2623655913978494,1,8,5,0.9981042194931781,1,1
2023,1116,1228,-0.0375457875457875,-6.277824718555339,0.6666666666666667,-0.0396825396825397,1,8,9,0.9980722144581164,1,1
2023,1272,1401,0.1574933687002652,-4.099463012713727,-0.411764705882353,0.0079575596816975,1,8,7,0.9979135961208062,1,1
2023,1429,1305,0.0272727272727272,4.179466757689532,0.5555555555555556,0.0909090909090909,1,10,11,0.9977591008450049,1,1
2023,1120,1411,0.1400761124121779,0.3372827120989328,-0.2380952380952381,0.094847775175644,1,9,16,0.9976628826832182,1,1
2023,1274,1344,-0.0096825396825396,-6.653791066130914,0.5714285714285714,-0.1542857142857143,1,5,11,0.9974525851790751,1,1
2023,1242,1452,0.1388621022179363,-2.434057839444701,-0.368421052631579,0.1038251366120218,1,1,9,0.9970447347629182,1,1
2023,1361,1305,0.1403448275862068,5.211184365299317,-0.0769230769230768,0.0896551724137931,1,5,11,0.9970092888898728,1,1
2023,1433,1224,0.0710188933873144,-6.308205539656914,-0.2941176470588235,0.27361673414305,1,12,16,0.9968188054174303,1,1
2023,1425,1417,0.1596638655462185,-2.892186461249455,-0.411764705882353,-0.0042016806722688,1,10,2,0.9968062655251698,1,1
2023,1104,1272,0.1373652133145804,11.79093085383201,-0.1304347826086956,0.424285044538209,1,1,8,0.9967728441012359,1,1
2023,1181,1234,0.0793650793650793,0.5204509683570606,0.1764705882352941,-0.0158730158730158,1,5,8,0.9965732877698561,1,1
2023,1321,1228,-0.0787247885491216,-11.342258497984377,0.0666666666666666,0.5823031880286272,1,7,9,0.9963631502151096,1,1
2023,1243,1286,0.0996632996632996,-0.4331974668550913,0.0909090909090908,-0.0966329966329966,1,3,14,0.9962570073216586,1,1
2023,1388,1361,0.1135204081632652,-5.023425140337055,-0.3333333333333333,0.086734693877551,1,5,5,0.9961660478525842,1,1
2023,1268,1231,-0.0149932614555255,-9.449970535403663,0.0,0.3328840970350404,1,8,4,0.9961027782496541,1,1
2023,1163,1235,0.0459468902865129,10.420149425196286,0.4399999999999999,0.286512928022362,1,4,6,0.9958971738000184,1,1
2023,1104,1277,0.0885816692268304,-1.0671737182315688,0.0476190476190476,-0.0222734254992319,1,1,7,0.9957452077714305,1,1
2023,1438,1124,0.0779693486590038,-0.2378517111473925,-0.3999999999999999,0.5363984674329502,1,4,3,0.994800389595756,1,1
2023,1120,1116,0.1428571428571428,-6.747000004349394,-0.3636363636363636,-0.1714285714285713,1,9,8,0.9944778574707916,1,1
2023,1113,1425,0.0175654853620955,-3.4640007015697574,0.2727272727272727,0.0382126348228043,1,11,10,0.9942251937049974,1,1
2023,1321,1129,0.1198838896952104,-2.804829103792516,-0.3846153846153846,0.1242380261248185,1,7,10,0.9929372636120891,1,1
2023,1231,1277,0.0828473413379073,0.3661027399899765,0.1428571428571428,-0.0919382504288164,1,4,7,0.9927384647623608,1,1
2023,1321,1345,0.0315349544072948,-7.343879334130413,0.1999999999999999,-0.1534954407294832,1,7,1,0.9926682774896044,1,1
2023,1397,1242,0.160377358490566,9.7708491273335,0.0909090909090908,-0.1320754716981131,1,4,1,0.9925262919534905,1,1
2023,1336,1228,0.1514236410698878,-1.1923813423277905,-0.3999999999999999,0.0054644808743169,1,10,9,0.9924415930086078,1,1
2023,1397,1268,-0.0052447552447552,-4.048915128916928,0.4814814814814814,-0.1048951048951049,1,4,8,0.9921974333301966,1,1
2023,1345,1266,0.1111111111111111,-2.062945504390978,-0.411764705882353,0.2242063492063492,1,1,2,0.9920647200582662,1,1
2023,1181,1438,0.0916666666666666,-3.3745808002605884,-0.2727272727272727,0.1347222222222222,1,5,4,0.9916762083962196,1,1
2023,1438,1228,-0.0143008474576271,-0.9086456668556976,0.0666666666666666,0.5141242937853107,1,4,9,0.991383455377847,1,1
2023,1338,1274,-0.0968069666182873,-1.7462301141032557,1.0,-0.0229317851959361,1,11,5,0.991219278298421,1,1
2023,1124,1400,0.0566666666666666,6.920643035013729,0.0769230769230768,0.3799999999999999,1,3,2,0.9908836914797398,1,1
2023,1361,1429,0.0206331260599208,-4.244015444015442,0.0434782608695651,0.1808931599773884,1,5,10,0.9906886135097199,1,1
2023,1266,1166,0.0,-9.485330544393682,0.0,0.1407407407407407,1,2,6,0.990645669949561,1,1
2023,1231,1462,0.0595366379310344,-0.0604284938011954,0.0476190476190476,0.1045258620689655,1,4,3,0.9903931773034012,1,1
2023,1211,1417,0.0767257462686566,13.276181494549595,0.5238095238095237,0.0268190298507462,1,3,2,0.9903320619434195,1,1
2023,1344,1266,-0.0435897435897435,2.56188919539642,0.3636363636363636,0.5005128205128204,1,11,2,0.9902668912176535,1,1
2023,1166,1116,0.1223719676549864,9.332700288111845,-0.1666666666666666,0.3043126684636118,1,6,8,0.9877159683750382,1,1
2023,1361,1104,0.0752194325372525,-4.097942168044321,-0.1612903225806451,0.0371504388650744,1,5,1,0.9872010596202244,1,1
2023,1228,1417,0.2095588235294118,8.765630169956925,-0.5714285714285714,0.1781045751633987,1,9,2,0.9871033462761257,1,1
2023,1400,1211,0.0352049910873439,-14.520048173537754,-0.1428571428571428,-0.1693404634581105,1,2,3,0.9862205877750123,1,1
2023,1280,1266,-0.0629233511586452,-1.5556792350349689,0.5294117647058822,0.2249554367201426,1,11,2,0.9851478772772477,1,1
2023,1124,1452,0.1281908990011099,1.8283310976972975,-0.2173913043478261,-0.0077691453940066,1,3,9,0.9845190189800003,1,1
2023,1242,1246,0.0298786181139122,-0.3637545952046679,0.5,-0.292250233426704,1,1,6,0.9808684672683955,1,1
2023,1281,1429,0.0952990086344739,-7.219734364663374,-0.6000000000000001,0.2040294211704509,1,7,10,0.9790329938932373,1,1
2023,1112,1113,-0.0061954379048155,2.92365930332965,0.0909090909090908,0.4922557026189805,0,2,11,0.9789330274644231,1,0
2023,1417,1321,0.1444530046224962,0.6878063634029683,-0.6000000000000001,0.223035439137134,1,2,7,0.9788307005288464,1,1
2023,1246,1116,0.1669312169312169,10.970849919753803,-0.25,0.1253968253968254,1,6,8,0.9787795087955626,1,1
2023,1395,1344,0.1007412398921833,-3.066319331379571,-0.1428571428571428,-0.1671159029649596,1,6,11,0.9763854273024335,1,1
2023,1417,1425,-0.0775862068965517,-2.8514612729776303,0.5555555555555556,0.1798959011060507,1,2,10,0.9761761652574952,1,1
2023,1411,1113,0.0605794556628621,4.861523269862655,0.1999999999999999,0.0256804214223002,1,16,11,0.9752154094676992,1,1
2023,1222,1120,0.0504716981132075,-2.6526896529481707,0.1764705882352941,-0.1959119496855345,1,1,9,0.9744136310729832,1,1
2023,1425,1113,0.1223227752639516,4.639804639804636,-0.2903225806451612,0.1574660633484162,1,10,11,0.9730482268859947,1,1
2023,1397,1425,-0.0932291666666666,-11.95117039296002,0.1999999999999999,0.2729166666666667,1,4,10,0.9724997793832421,1,1
2023,1192,1345,0.0378880097382836,-11.704389287806178,-0.1,-0.1972002434570906,1,16,1,0.9723879980691149,1,1
2023,1166,1344,0.0938746438746438,-5.607716733632788,-0.5555555555555556,0.1951566951566951,1,6,11,0.9715385977616178,1,1
2023,1235,1124,-0.0308582449373192,4.556822885686355,0.7391304347826086,-0.0253937640630022,1,6,3,0.9711503939537909,1,1
2023,1429,1129,0.125,0.7255933554003597,-0.2857142857142857,-0.0357142857142857,1,10,10,0.9698823230619402,1,1
2023,1338,1280,0.0436507936507936,-11.450231733408366,-0.4736842105263157,0.1666666666666666,1,11,11,0.9688222399358578,1,1
2023,1222,1388,-0.0726544622425629,-14.268831794108634,0.25,-0.0160183066361556,1,1,5,0.9687257519852666,1,1
2023,1129,1361,0.0288461538461538,5.189396983997909,0.3333333333333333,0.0535444947209652,1,10,5,0.966136850878512,1,1
2023,1400,1336,0.0330601092896175,-5.890126051789282,-0.0588235294117647,-0.0030054644808742,1,2,10,0.9650960906410241,1,1
2023,1438,1181,0.0147392290249432,-15.045693230644686,-0.4545454545454546,0.1625094482237339,1,4,5,0.9646514994670881,1,1
2023,1222,1245,0.0542857142857143,15.855290058692574,0.3636363636363636,0.2853968253968254,1,1,13,0.9621756756133047,1,1
2023,1281,1246,0.0432330827067669,-10.650164448053278,-0.368421052631579,0.06265664160401,1,7,6,0.9611511309226315,1,1
2023,1266,1462,-0.1789215686274509,-14.056767059454268,0.75,0.0735294117647058,1,2,3,0.9592160967852276,1,1
2023,1246,1344,-0.0004105090311986,2.0306561121490034,0.3913043478260869,0.0166940339354132,1,6,11,0.9579505609197754,1,1
2023,1243,1277,0.0444677871148458,-10.082609726590016,-0.1999999999999999,-0.1139122315592903,1,3,7,0.957510708205054,1,1
2023,1268,1228,0.0441712204007286,-3.316910659521307,-0.2380952380952381,0.2021857923497267,1,8,9,0.95692875406246,1,1
2023,1228,1400,0.0623188405797101,2.0422150607172185,-0.1764705882352941,0.241304347826087,1,9,2,0.9565756606505835,1,1
2023,1462,1344,0.147156762295082,1.8741072633288205,-0.2631578947368421,-0.2033811475409836,1,3,11,0.9520438425209014,1,1
2023,1242,1400,-0.0161172161172161,-1.6532491782983438,0.1999999999999999,0.1450549450549451,1,1,2,0.9482362221908109,1,1
2023,1452,1120,0.003923414940364,-1.7040890982466852,0.0666666666666666,0.157878217200251,1,9,9,0.9454968666514931,1,1
2023,1211,1104,0.038095238095238,-14.170418700144252,-0.3333333333333333,-0.1285714285714286,1,3,1,0.944548461107505,1,1
2023,1388,1211,-0.0212150433944069,-4.768482063013975,0.3333333333333333,-0.1067180970748955,1,5,3,0.9423841289130546,1,1
2023,1179,1280,-0.0036472148541114,-5.290478585968206,0.1764705882352941,-0.0696286472148541,1,12,11,0.9408050155405386,1,1
2023,1305,1361,0.0395833333333334,-6.736532019570872,-0.25,0.0641666666666667,1,11,5,0.939567208677147,1,1
2023,1124,1242,-0.0660669975186103,-6.936930058030454,0.3,0.0955334987593051,1,3,1,0.9317190681531974,1,1
2023,1231,1345,0.1766848816029143,-4.163121667504932,-0.5833333333333333,-0.327088212334114,1,4,1,0.9312941804818036,1,1
2023,1211,1388,0.011705685618729,-5.073393002441007,0.0909090909090908,-0.0936454849498327,1,3,5,0.9233862478863039,1,1
2023,1194,1397,0.119047619047619,10.427564443377296,-0.1538461538461538,0.1295238095238095,1,9,4,0.9148955925226934,1,1
2023,1194,1243,0.0130906768837802,13.6665127324625,0.6000000000000001,0.0970625798212004,1,9,3,0.9147069998221808,1,1
2023,1281,1280,0.0486842105263157,0.386799055512796,-0.0476190476190476,0.0333333333333333,1,7,11,0.9114899904960945,1,1
2023,1400,1243,-0.0098039215686274,-2.477159850389356,0.125,0.0705882352941176,1,2,3,0.8972064340963168,1,1
2023,1462,1166,-0.0193014705882352,3.883378513190953,0.4285714285714286,0.0588235294117647,1,3,6,0.8963861388843485,1,1
2023,1274,1400,0.0289115646258503,-1.6571815256390892,-0.3846153846153846,0.4030612244897958,1,5,2,0.8859033568915204,1,1
2023,1129,1305,-0.0418181818181818,1.2752607069482949,0.5555555555555556,-0.06,0,10,11,0.8843029982103141,1,0
2023,1400,1395,-0.0102722136620442,-5.519121642502736,0.1111111111111111,-0.0590652285567539,1,2,6,0.8757983146067903,1,1
2023,1274,1301,-0.015625,-4.280594885276177,0.0666666666666666,0.0700757575757575,1,5,11,0.8739757112047033,1,1
2023,1400,1166,0.0065520065520065,-6.890820810297754,0.0,-0.104013104013104,1,2,6,0.8698894724946883,1,1
2023,1120,1397,0.014233697451175,-5.11974225664722,-0.0666666666666666,-0.0076133730552797,1,9,4,0.8695249740276901,1,1
2023,1112,1166,0.023803589232303,3.564185708013545,0.3999999999999999,-0.2190927218344965,1,2,6,0.8670293636587996,1,1
2023,1425,1120,-0.0531914893617021,-14.594116304833763,-0.0588235294117647,0.0085924713584288,1,10,9,0.8659404139311446,1,1
2023,1181,1301,-0.0048128342245989,6.319513771659905,0.0769230769230768,0.4096256684491978,1,5,11,0.8598893600628139,1,1
2023,1113,1166,0.0481350806451613,2.920674738442761,0.0909090909090908,-0.0720766129032258,1,11,6,0.8552559012282193,1,1
2023,1401,1116,-0.0238791423001949,1.3652746345835212,0.3,0.0692007797270954,1,7,8,0.8424380699351517,1,1
2023,1336,1321,0.1167557932263814,13.896479748136048,-0.1999999999999999,0.2504456327985739,1,10,7,0.8359496140614611,1,1
2023,1462,1163,0.1288863764838892,1.593898850756709,-0.3333333333333333,-0.1856981345392877,1,3,4,0.8286161445501695,1,1
2023,1436,1159,0.0494854721549636,3.4487754624959006,0.1999999999999999,-0.2018765133171912,1,15,15,0.8249732077519155,1,1
2023,1124,1395,0.0389433551198257,11.259915312432764,0.1,0.2728758169934641,0,3,6,0.8049657929124456,1,0
2023,1222,1272,-0.0196078431372548,-9.983872450611198,-0.25,0.144419306184012,1,1,8,0.8027523499500331,1,1
2023,1369,1394,0.1228070175438597,-2.463555997892392,-0.3999999999999999,-0.2631578947368421,0,16,16,0.7992884771664829,1,0
2023,1361,1166,-0.0166666666666666,-3.736682512767107,0.1999999999999999,-0.1090909090909091,1,5,6,0.7969366283861254,1,1
2023,1243,1242,-0.0083333333333333,-1.3032856384464218,0.1578947368421053,-0.0166666666666666,1,3,1,0.7958297063083764,1,1
2023,1395,1124,-0.0083857442348008,1.9901027040367008,0.1999999999999999,0.0611460517120894,0,6,3,0.7796215581782341,1,0
2023,1112,1417,0.0954919281145293,7.580581680984761,-0.3636363636363636,0.2439841608285105,1,2,2,0.7547425636585571,1,1
2023,1343,1112,-0.0098684210526315,-3.678769838783397,0.0769230769230768,-0.0446820175438596,1,15,2,0.7519158811332032,1,1
2023,1401,1397,-0.0470355731225296,0.7386723130794586,-0.0434782608695651,0.4845849802371541,1,7,4,0.7390309902864517,1,1
2023,1433,1244,-0.0181818181818181,0.2602575062125751,-0.1764705882352941,0.4227272727272727,1,12,14,0.7231336574205903,1,1
2023,1104,1401,0.0149492017416545,6.273280019416969,0.5789473684210527,-0.3590711175616836,0,1,7,0.7074326363702771,1,0
2023,1181,1274,0.0472350230414747,5.850135877311338,0.037037037037037,0.0038402457757296,1,5,5,0.6954904350698013,1,1
2023,1211,1395,-0.0074626865671642,1.0763856104239444,0.1,0.0746268656716418,1,3,6,0.6908163464904667,1,1
2023,1338,1438,-0.0638047138047138,-3.73704773229149,0.0769230769230768,0.2420875420875421,1,11,4,0.6773078930974402,1,1
2023,1163,1266,-0.0259887005649717,4.799890702637757,0.4736842105263157,-0.0720338983050847,0,4,2,0.6744260433465725,1,0
2023,1231,1228,0.0346497764530551,1.9650956765115983,0.04,-0.0981122702434177,1,4,9,0.6604076235101604,1,1
2023,1243,1124,0.1094951923076923,0.5694533421529169,-0.3,-0.2564903846153846,1,3,3,0.6405203065318299,1,1
2023,1400,1395,-0.0558035714285714,-15.091895089568125,-0.0833333333333333,-0.1138392857142857,0,2,6,0.6402897084514908,1,0
2023,1321,1231,-0.0836257309941521,-15.366531177886252,0.1428571428571428,-0.1988304093567251,1,7,4,0.6394955071740833,1,1
2023,1104,1116,0.0265624999999999,6.394969729274598,0.1,0.0544642857142856,1,1,8,0.6356166148188633,1,1
2023,1246,1280,-0.0534090909090909,-1.5336746943675443,0.3333333333333333,-0.0321969696969696,1,6,11,0.6296218768111569,1,1
2023,1462,1244,0.0198317307692307,-1.3805793069351946,-0.4545454545454546,0.3737980769230768,1,3,14,0.627429616911625,1,1
2023,1104,1120,-0.0555555555555555,-3.707526105619564,0.1428571428571428,0.0887445887445887,1,1,9,0.6101614405454053,1,1
2023,1272,1194,0.036604774535809,0.3230027607469576,-0.1851851851851851,0.0376657824933686,0,8,9,0.6017227095158095,1,0
2023,1211,1277,0.0218531468531468,3.9888748986511215,0.1999999999999999,-0.1384615384615384,1,3,7,0.6015126829732218,1,1
2023,1436,1425,0.0518040383978814,-2.4876449568708257,-0.1428571428571428,-0.2409798080105925,0,15,10,0.5456651118533462,1,0
2023,1242,1395,0.0757575757575758,3.892530498514258,-0.1428571428571428,-0.1363636363636363,1,1,6,0.5283629850439221,1,1
2023,1395,1235,-0.0516091051805337,-2.740179505516391,0.1999999999999999,-0.0007849293563579,0,6,6,0.5161066290143329,1,0
2023,1213,1286,0.0771044992743106,-3.8726304169863006,-0.5,-0.0820029027576197,1,14,14,0.5127096753578491,1,1
2023,1401,1281,0.0396078431372549,14.908218067211536,0.2727272727272727,0.0662745098039215,1,7,7,0.48795028954471437,0,0
2023,1112,1417,0.023076923076923,8.836656999988067,0.0,0.2141025641025641,1,2,2,0.48604935691237794,0,0
2023,1104,1280,-0.0787907268170425,-5.995328234003285,0.0588235294117647,0.1716791979949874,1,1,11,0.4848824370087671,0,0
2023,1338,1181,0.073667711598746,-4.383278902588348,-0.4814814814814814,-0.115987460815047,0,11,5,0.4807998975418555,0,1
2023,1280,1104,-0.1159489633173843,-2.790747831713293,0.2222222222222222,0.338755980861244,0,11,1,0.4526754660184087,0,1
2023,1234,1277,0.0308432371250707,4.581388918360132,-0.0526315789473684,0.0345217883418222,0,8,7,0.4507445592131311,0,1
2023,1361,1429,-0.0698924731182795,-1.9092732808292183,0.1304347826086956,0.1868919610855094,1,5,10,0.44270910681209696,0,0
2023,1266,1163,0.0784313725490196,-1.7474462506032982,-0.5555555555555556,0.0202725157859754,1,2,4,0.43332665625537614,0,0
2023,1120,1321,0.0421428571428571,9.109997125722831,0.0,0.0742857142857142,1,9,7,0.4109536500313791,0,0
2023,1235,1395,-0.0202234206471495,-6.058284878660221,0.2941176470588235,-0.4838212634822804,1,6,6,0.39611965718004116,0,0
2023,1266,1462,0.0375696767001115,-3.957690967544672,-0.3333333333333333,-0.0771460423634336,0,2,3,0.39370906563576563,0,1
2023,1281,1397,0.0830850711684872,-4.867903064903963,-0.3999999999999999,-0.3243958953988745,1,7,4,0.38657183237292586,0,0
2023,1452,1235,-0.02,-4.760890965342666,-0.25,0.14,1,9,6,0.3664043398174584,0,0
2023,1202,1336,-0.0430349576271186,3.05223433549631,0.3333333333333333,-0.0431673728813559,0,13,10,0.34056096504534855,0,1
2023,1166,1301,0.0926339285714285,2.5837118962645267,-0.6000000000000001,0.1049107142857143,1,6,11,0.3244239619380047,0,0
2023,1228,1234,0.0356775300171526,11.862335337360184,0.3,-0.1478559176672384,0,9,8,0.30865266846191475,0,1
2023,1343,1233,0.1172316384180791,6.911099302771204,-0.4666666666666666,-0.0264830508474576,0,15,13,0.30004609035203755,0,1
2023,1301,1338,-0.1185185185185184,-1.153318987863166,0.5,0.0388888888888888,0,11,11,0.28369282241783733,0,1
2023,1345,1277,-0.0667634252539912,-3.4847375582098934,0.0,0.1574746008708272,1,1,7,0.26806716901804045,0,0
2023,1268,1336,-0.034074074074074,4.474804860698312,0.1111111111111111,0.1474074074074074,0,8,10,0.24539197561668652,0,1
2023,1397,1112,0.0198412698412698,-3.8725836721365567,-0.0588235294117647,-0.3412698412698413,0,4,2,0.24112397245965955,0,1
2023,1281,1116,-0.037037037037037,-9.70391063746808,-0.2380952380952381,-0.037037037037037,0,7,8,0.24017461910254326,0,1
2023,1305,1243,-0.0148148148148148,-3.6005089784483,-0.1999999999999999,0.0333333333333333,0,11,3,0.23961137803463967,0,1
2023,1120,1116,-0.0507843137254901,-12.559928243358677,-0.368421052631579,0.0694117647058823,0,9,8,0.23651692757908943,0,1
2023,1120,1401,0.0575810185185185,-2.4198487820337,-0.0833333333333333,-0.5034722222222222,0,9,7,0.2152932249204792,0,1
2023,1113,1395,0.1383374689826302,8.912320889387747,-0.5,-0.0893300248138957,0,11,6,0.2142145858450542,0,1
2023,1246,1277,-0.020807453416149,-3.134192048581461,-0.0909090909090908,-0.0484472049689441,0,6,7,0.20893436655227007,0,1
2023,1417,1124,-0.0275175644028102,-4.015087979450529,0.0,-0.1484192037470725,0,2,3,0.1984137500220116,0,1
2023,1338,1274,0.0330721003134796,-14.533710345062808,-0.7333333333333334,-0.1595611285266457,0,11,5,0.19361493009527983,0,1
2023,1113,1425,-0.1295546558704454,-9.503850010021278,0.1818181818181818,0.046693657219973,0,11,10,0.18339354860666116,0,1
2023,1116,1242,-0.0903448275862069,-0.1008354303859597,0.3999999999999999,-0.0517241379310344,1,8,1,0.17688460876290202,0,0
2023,1231,1336,0.011164274322169,-4.530513500815978,-0.125,-0.2894736842105263,0,4,10,0.1741879689587016,0,1
2023,1235,1452,0.0084615384615384,-1.687095977374586,-0.1666666666666666,-0.1138461538461538,0,6,9,0.17247505171084881,0,1
2023,1277,1234,0.0744444444444444,7.190813009458157,-0.625,0.3333333333333333,0,7,8,0.16818367777382026,0,1
2023,1397,1281,-0.0783208020050125,6.444663339012831,0.5,0.0219298245614035,0,4,7,0.16337365536045784,0,1
2023,1301,1242,-0.0483870967741935,-0.4472031711424069,0.2222222222222222,-0.1451612903225806,0,11,1,0.15939834310901532,0,1
2023,1228,1345,0.0216981132075472,4.561398579129023,-0.0909090909090908,-0.0483018867924528,0,9,1,0.14240963002677268,0,1
2023,1274,1301,0.1541176470588235,15.052928303507386,-0.6470588235294117,0.1647058823529412,0,5,11,0.14062869818439844,0,1
2023,1231,1321,0.0728366615463389,12.0120905184265,0.0526315789473684,-0.2186379928315412,0,4,7,0.13708110636968068,0,1
2023,1336,1277,-0.0651515151515151,1.7669455018940532,0.1111111111111111,0.1439393939393939,0,10,7,0.1334915961881935,0,1
2023,1452,1243,0.002415458937198,13.284807852387022,0.1875,0.1104209799861973,0,9,3,0.12829533554468356,0,1
2023,1438,1274,-0.0455974842767295,-2.2288271208234587,0.0666666666666666,-0.0984276729559748,0,4,5,0.1252482766703251,0,1
2023,1245,1158,-0.0303829078801332,-6.009168809663823,0.1428571428571428,-0.4317425083240843,0,13,12,0.1209848179523256,0,1
2023,1116,1401,0.0825925925925926,4.597171497536715,-0.3846153846153846,-0.1274074074074073,0,8,7,0.118021171879406,0,1
2023,1429,1361,-0.0038156288156288,1.4486067251624046,-0.3333333333333333,0.2167277167277167,0,10,5,0.11622079552180173,0,1
2023,1202,1438,0.0191798941798941,0.6260310334935024,-0.2307692307692307,-0.068121693121693,1,13,4,0.11621251007037295,0,0
2023,1116,1280,-0.0471491228070174,3.4041162089942567,-0.0588235294117647,0.2609649122807017,0,8,11,0.11202700750558925,0,1
2023,1345,1231,0.0,13.37060056334594,0.3043478260869565,-0.0175438596491228,0,1,4,0.10941637989556623,0,1
2023,1234,1231,-0.079400260756193,-2.561668252661759,0.1818181818181818,-0.0560625814863102,1,8,4,0.10116268773397712,0,0
2023,1222,1104,-0.0581597222222222,-6.413010924905919,0.0909090909090908,-0.2488425925925925,0,1,1,0.09776291216729247,0,1
2023,1280,1120,-0.1613636363636363,-3.6447570694146094,0.3043478260869565,0.2636363636363636,0,11,9,0.09621436524049339,0,1
2023,1234,1120,-0.0605742296918767,1.5692563646851667,0.2631578947368421,-0.0992063492063491,0,8,9,0.09492124191161778,0,1
2023,1158,1361,-0.0982142857142857,-4.377230484011978,0.1428571428571428,0.0178571428571428,0,12,5,0.09365903867876253,0,1
2023,1321,1336,-0.1387772675086108,-10.868016713549084,0.2941176470588235,-0.1604477611940298,0,7,10,0.09362738963526927,0,1
2023,1194,1361,0.0113022941970309,1.459642276783283,-0.2631578947368421,0.0178812415654521,0,9,5,0.09068595000182328,0,1
2023,1124,1211,0.0095187731359069,-4.521874660543251,-0.368421052631579,-0.1023268112109994,1,3,3,0.08946792353876237,0,0
2023,1268,1345,-0.0055410691003911,-8.042573868034257,-0.3333333333333333,-0.1936114732724902,0,8,1,0.08752858852018472,0,1
2023,1336,1234,0.1272727272727273,2.950814472372169,-0.8,-0.0582972582972582,1,10,8,0.0869377816589726,0,0
2023,1338,1433,0.0057286072323666,3.2496111542425936,0.1666666666666666,-0.3458646616541354,0,11,12,0.08554680869301882,0,1
2023,1124,1116,-0.1573393028461784,-10.629559378774024,0.0476190476190476,0.1992324912056284,1,3,8,0.07360029978592865,0,0
2023,1397,1246,0.0278637770897832,-10.85137085137085,-0.5384615384615385,-0.3147574819401444,0,4,6,0.07212084575264177,0,1
2023,1321,1228,-0.0893650793650793,-8.982024708330457,0.1111111111111111,-0.2295238095238095,0,7,9,0.06726329980012384,0,1
2023,1228,1336,-0.1014957264957265,3.928587072833423,0.3999999999999999,0.0455840455840456,0,9,10,0.06079259300085256,0,1
2023,1395,1400,0.0,5.438349742147214,0.0,-0.0847457627118644,0,6,2,0.06016983048970694,0,1
2023,1344,1163,-0.1854261548471047,-14.130969120768048,0.0526315789473684,0.1987638256343526,0,11,4,0.05983873264097404,0,1
2023,1113,1112,-0.0404703308722997,-5.854146124025775,0.0769230769230768,-0.3833743505605688,0,11,2,0.05774184932900598,0,1
2023,1235,1242,-0.0708333333333333,0.8710042679209131,0.375,-0.25,0,6,1,0.055648356752882995,0,1
2023,1166,1266,0.0482120051085568,10.155229018582856,-0.0769230769230768,-0.1226053639846743,0,6,2,0.05212004273360287,0,1
2023,1280,1397,-0.1542827657378741,-9.577979074503196,0.1304347826086956,0.0918472652218782,0,11,4,0.05177304964671053,0,1
2023,1462,1211,-0.0313092979127135,-5.067552715385277,-0.1428571428571428,-0.1888045540796964,0,3,3,0.049516623405993304,0,1
2023,1369,1281,-0.0046838407494145,5.782190864150447,0.0666666666666666,-0.1389539422326307,0,16,7,0.048744099399436185,0,1
2023,1243,1452,-0.0304831773336706,3.5126911822026727,0.2222222222222222,-0.2446243359473817,0,3,9,0.04719604190343835,0,1
2023,1129,1429,-0.054020979020979,-7.674880007431051,-0.1999999999999999,-0.0999999999999999,0,10,10,0.04705454379053412,0,1
2023,1124,1243,-0.0172413793103448,9.825935368243425,0.2222222222222222,-0.0711598746081504,0,3,3,0.04645852717073708,0,1
2023,1277,1321,-0.009090909090909,2.63609830755815,0.0909090909090908,-0.2716141001855288,0,7,7,0.04642959720983086,0,1
2023,1112,1417,0.0811730819586279,9.26732820129891,-0.3846153846153846,-0.0476564545692589,0,2,2,0.044426434092731164,0,1
2023,1228,1336,-0.0892857142857143,-3.201964028782772,0.1578947368421053,-0.0959821428571428,0,9,10,0.0440333093956036,0,1
2023,1228,1231,-0.193841642228739,-8.631706472691846,0.3333333333333333,0.1346041055718475,0,9,4,0.04397812519618116,0,1
2023,1452,1124,-0.0788461538461538,-3.1201096312844374,0.1428571428571428,-0.1423076923076922,0,9,3,0.0433190984709999,0,1
2023,1418,1397,-0.0454545454545454,-3.0794032449419824,0.0909090909090908,-0.2928853754940711,0,13,4,0.04196973425014406,0,1
2023,1338,1462,-0.1111111111111111,0.2406650812041366,0.4285714285714286,-0.1269841269841269,0,11,3,0.03951128090465866,0,1
2023,1344,1462,-0.0217391304347825,1.3013565663390043,-0.0909090909090908,-0.072463768115942,0,11,3,0.03910207351158673,0,1
2023,1433,1113,0.0065922920892494,5.056791721903426,-0.1764705882352941,-0.0091277890466531,0,12,11,0.036537280214515216,0,1
2023,1452,1395,-0.043254688445251,5.535620901832296,0.0769230769230768,0.0057471264367816,0,9,6,0.026616254660542203,0,1
2023,1336,1345,0.064516129032258,4.907519009568025,-0.5294117647058822,-0.0284629981024667,0,10,1,0.026090944306134817,0,1
2023,1163,1166,-0.0709935897435897,2.3812177094777667,0.3846153846153846,-0.2926282051282051,0,4,6,0.024739314376865978,0,1
2023,1395,1452,0.0476190476190476,6.610326346726872,-0.5294117647058822,0.1375661375661376,0,6,9,0.024630615439404882,0,1
2023,1120,1397,-0.022077922077922,1.6990935930172242,-0.2631578947368421,0.0756132756132756,0,9,4,0.024139081583832246,0,1
2023,1418,1179,-0.0166666666666666,4.384167748761605,0.0,-0.1333333333333333,0,13,12,0.023900586388429162,0,1
2023,1179,1274,0.1064935064935064,3.824117699814586,-0.5,-0.3724025974025974,0,12,5,0.023690533178002442,0,1
2023,1116,1281,0.03,13.747792367350076,0.2222222222222222,-0.2963265306122449,0,8,7,0.020450319334486954,0,1
2023,1246,1243,-0.0833333333333333,11.14531623349396,0.6190476190476191,-0.1375661375661375,0,6,3,0.020116274947462518,0,1
2023,1124,1166,-0.0727272727272727,-5.48301525874844,-0.1111111111111111,-0.0984126984126984,0,3,6,0.018807826084110142,0,1
2023,1163,1344,-0.0442176870748299,-0.0810754532189061,0.2142857142857142,-0.4126984126984127,0,4,11,0.017498147014867578,0,1
2023,1401,1280,0.0172182468694096,9.769685241383357,-0.1764705882352941,0.0277280858676207,0,7,11,0.016797022266351595,0,1
2023,1452,1400,-0.0384615384615384,9.2637807471622,0.1428571428571428,0.0006993006993006,0,9,2,0.016325564002334612,0,1
2023,1113,1417,0.0383870967741935,-1.2910166756320614,-0.6666666666666667,-0.0354838709677419,0,11,2,0.015014449003104061,0,1
2023,1163,1462,-0.0619977037887484,4.605651178711334,0.4666666666666666,-0.4041331802525832,0,4,3,0.014865067137485458,0,1
2023,1181,1242,-0.1044776119402985,3.041824418096408,0.1428571428571428,0.1343283582089552,0,5,1,0.01393849120471282,0,1
2023,1277,1268,0.1084313725490196,-0.3238546677266658,-1.0,-0.0929411764705882,1,7,8,0.011832516855246573,0,0
2023,1272,1222,-0.140461215932914,-3.642436230756342,0.0,0.2117400419287212,0,8,1,0.011135123736386424,0,1
2023,1344,1266,-0.0918032786885245,5.370163079918417,0.3043478260869565,-0.052160953800298,0,11,2,0.010768208670473258,0,1
2023,1266,1277,0.0274216524216523,8.248758232322754,-0.1764705882352941,-0.1566951566951567,0,2,7,0.00989651389196755,0,1
2023,1277,1228,-0.0692307692307692,5.5735550671772,0.1999999999999999,-0.0999999999999999,0,7,9,0.008238112588395801,0,1
2023,1235,1338,-0.1646341463414634,-9.457056523301077,0.4444444444444444,-0.390650406504065,0,6,11,0.008168229143059617,0,1
2023,1192,1194,-0.028169014084507,5.198383917386076,-0.04,-0.1126760563380281,0,16,9,0.007904204158972703,0,1
2023,1462,1400,-0.089779713114754,4.348135109936743,0.2857142857142857,-0.1239754098360655,0,3,2,0.0076990003165703725,0,1
2023,1235,1243,-0.1011424731182795,3.475169104943056,0.368421052631579,-0.1841397849462365,0,6,3,0.0073570873657083135,0,1
2023,1331,1388,0.0396825396825397,9.7293765283109,-0.2307692307692307,-0.1513409961685823,0,12,5,0.007059679919621028,0,1
2023,1120,1272,-0.1047619047619047,-5.265420775051595,-0.0833333333333333,-0.0357142857142857,0,9,8,0.00699039879632681,0,1
2023,1401,1116,-0.1851503759398496,-10.924240747417988,0.2903225806451612,-0.1842105263157895,0,7,8,0.006501589300901657,0,1
2023,1397,1246,-0.0540489642184557,-2.9051525432999927,0.1764705882352941,-0.5404896421845574,0,4,6,0.006403123879188194,0,1
2023,1297,1222,-0.2178175618073316,-12.06487533284919,0.3076923076923077,-0.0511508951406649,0,16,1,0.00638884869920535,0,1
2023,1395,1280,-0.1191683569979715,-5.084187895524373,0.0434782608695651,-0.1024340770791075,0,6,11,0.005572334114842396,0,1
2023,1433,1272,-0.1194577352472089,0.7084687830624574,0.1578947368421053,0.0082934609250398,0,12,8,0.005427569484324335,0,1
2023,1243,1235,-0.0078656462585033,2.797402412045958,-0.3999999999999999,0.0106292517006802,0,3,6,0.005404570153426611,0,1
2023,1274,1181,-0.0951929158760278,-10.446284954991857,-0.1666666666666666,-0.2482605945604047,0,5,5,0.005202670341925327,0,1
2023,1104,1163,-0.0283333333333333,10.93417389880465,-0.0666666666666666,0.0999999999999999,0,1,4,0.00507438703023269,0,1
2023,1452,1268,-0.1134920634920634,-6.025500183095307,0.0588235294117647,-0.2031746031746031,0,9,8,0.0050459512973769095,0,1
2023,1452,1242,-0.1315789473684211,-2.426188809642534,-0.0526315789473684,0.1578947368421052,0,9,1,0.004375494107576524,0,1
2023,1104,1397,0.035218253968254,17.732640645631008,-0.125,0.0198412698412698,0,1,4,0.0038913377432879927,0,1
2023,1401,1246,0.0353335363996344,6.491882112782797,-0.6000000000000001,0.0727992689613158,0,7,6,0.003826854053249561,0,1
2023,1462,1266,-0.0327868852459016,12.862648289726106,0.1578947368421053,-0.0819672131147541,0,3,2,0.003389649906684603,0,1
2023,1343,1166,-0.1328671328671329,-10.17424150115755,-0.1111111111111111,-0.137062937062937,0,15,6,0.002777176993318861,0,1
2023,1242,1400,-0.0866771159874607,5.52254753155456,0.25,-0.1777429467084639,0,1,2,0.0026331547907551844,0,1
2023,1321,1234,-0.1538461538461538,-4.904294431387484,0.2307692307692307,-0.1816976127320954,0,7,8,0.00235416658824902,0,1
2023,1213,1305,-0.085204991087344,1.61476983402998,0.0769230769230768,-0.1739750445632798,0,14,11,0.0023025549099637208,0,1
2023,1438,1222,-0.0894607843137254,1.2989942416806528,-0.1666666666666666,0.0992647058823529,0,4,1,0.0022494353844080346,0,1
2023,1231,1274,-0.0738095238095238,-0.3621695490605461,-0.2666666666666666,0.0365079365079364,0,4,5,0.0021093334325166433,0,1
2023,1245,1231,-0.1384992987377279,2.394761308706869,0.2307692307692307,-0.0035063113604488,0,13,4,0.0018971006052856748,0,1
2023,1222,1272,-0.2066627358490566,-1.615652621723397,0.4193548387096774,0.0412735849056603,0,1,8,0.001790229950064019,0,1
2023,1243,1395,0.0149253731343283,13.81663359358527,-0.1999999999999999,-0.0407055630936228,0,3,6,0.0015079956937401277,0,1
2023,1388,1163,-0.2114285714285714,-7.8356413313324,0.0,0.2477551020408163,0,5,4,0.0014694576086817547,0,1
2023,1231,1336,-0.2203389830508474,5.780851520520386,0.5714285714285714,0.2372881355932203,0,4,10,0.0014431431586324518,0,1
2023,1281,1104,-0.0911764705882353,-0.4770598211957111,0.0,-0.1991596638655462,0,7,1,0.0013535040687884946,0,1
2023,1400,1243,-0.1127450980392157,-2.837114634711732,0.0,-0.1676470588235294,0,2,3,0.0012975995028882662,0,1
2023,1246,1211,-0.1924901185770751,-8.313911425653632,0.2222222222222222,-0.1499341238471673,0,6,3,0.0012009236945235726,0,1
2023,1166,1344,0.0289855072463768,8.90775192359646,-0.5,-0.0589244851258581,0,6,11,0.0009148155738701513,0,1
2023,1124,1400,-0.1189839572192513,-1.5431275237027933,0.0588235294117647,-0.1828877005347593,0,3,2,0.0008881335585943046,0,1
2023,1344,1163,-0.1261006289308176,-4.60799654670048,-0.3333333333333333,0.1440251572327044,0,11,4,0.0007771614034333536,0,1
2023,1202,1301,-0.0525415444770283,7.435301025247284,-0.0833333333333333,-0.0894428152492669,0,13,11,0.0007597932163628534,0,1
2023,1268,1231,-0.1734661606578115,-3.6497328193144094,0.2222222222222222,-0.1502213788741302,0,8,4,0.000625803874034248,0,1
2023,1243,1395,-0.0089924160346695,13.228027873881622,-0.0769230769230768,-0.1599133261105091,0,3,6,0.0005708882170164184,0,1
2023,1331,1429,-0.1268939393939394,-4.161260422772422,0.0,-0.2288961038961038,0,12,10,0.000561263100824514,0,1
2023,1433,1388,-0.020408163265306,8.860091974346448,-0.125,-0.2244897959183673,0,12,5,0.0005272905054129312,0,1
2023,1400,1397,-0.1111111111111111,-3.65064297048305,-0.1764705882352941,-0.1377903327055869,0,2,4,0.0004563962889326514,0,1
2023,1243,1242,-0.0867695421199089,4.808314665005328,-0.2222222222222222,0.0877814318239312,0,3,1,0.00038795890216932583,0,1
2023,1234,1321,-0.128114478114478,4.92097937353412,0.1428571428571428,-0.0673400673400673,0,8,7,0.0003265724319966883,0,1
2023,1268,1417,-0.0952380952380952,20.04586970512489,0.4545454545454546,0.0085470085470085,0,8,2,0.0003235933000135361,0,1
2023,1429,1305,-0.168859649122807,6.731357418478778,0.2941176470588235,0.082080200501253,0,10,11,0.00029713638097791033,0,1
2023,1213,1211,-0.0982142857142857,-9.3719506850819,-0.4285714285714286,-0.2315934065934066,0,14,3,0.000281556934350055,0,1
2023,1181,1345,-0.1293103448275862,-2.046471690450325,-0.1666666666666666,-0.0344827586206896,0,5,1,0.00026095507807442014,0,1
2023,1274,1163,-0.1911431805319751,-7.904993169156258,-0.04,-0.0345217883418222,0,5,4,0.0002512509085416563,0,1
2023,1268,1234,-0.1375963020030817,3.813082521098984,0.1428571428571428,-0.0838212634822804,0,8,8,0.0002509659156436927,0,1
2023,1222,1274,-0.1630208333333332,3.6842438758570015,0.1999999999999999,-0.0041666666666666,0,1,5,0.00023114655832660289,0,1
2023,1242,1235,-0.0618479880774963,16.229771580075706,-0.1666666666666666,0.2615499254843517,0,1,6,0.00019434224722485999,0,1
2023,1286,1112,-0.0607718894009216,9.016487358986572,-0.1428571428571428,-0.074884792626728,0,14,2,0.00017590195219219012,0,1
2023,1361,1112,-0.2590311986863711,-8.20636473767589,0.125,0.1395730706075533,0,5,2,0.00015865830486053853,0,1
2023,1429,1129,-0.1318131256952169,-1.097362975245538,-0.2307692307692307,0.0317018909899888,0,10,10,0.00015731157100999345,0,1
2023,1181,1397,0.0073397780164697,9.030934694319413,-0.5384615384615385,-0.0852130325814536,0,5,4,0.00014688116300012966,0,1
2023,1436,1233,-0.1023728813559322,10.390494315338165,-0.0769230769230768,0.107457627118644,0,15,13,0.00010567149326945101,0,1
2023,1234,1395,-0.1378900052882073,1.1675141656942536,-0.1818181818181818,0.0362242199894235,0,8,6,8.288312569708201e-05,0,1
2023,1124,1235,-0.1513364779874213,0.3324741501348285,0.0,-0.1187106918238993,0,3,6,7.762567901180933e-05,0,1
2023,1233,1163,-0.1208133971291866,-2.85665928677291,-0.4736842105263157,0.0685805422647527,0,13,4,7.2988250570145e-05,0,1
2023,1245,1211,-0.0646464646464646,-3.703334776905184,-0.5,-0.2845598845598845,0,13,3,7.100518529339521e-05,0,1
2023,1400,1235,-0.0288461538461538,8.595553965048609,-0.3999999999999999,-0.1185897435897435,0,2,6,6.702086228855353e-05,0,1
2023,1124,1266,-0.1208333333333333,13.3475935828877,0.25,-0.0714285714285714,0,3,2,6.213196004570188e-05,0,1
2023,1116,1397,-0.0880574452003024,8.084885919406823,-0.1999999999999999,-0.0139833711262282,0,8,4,5.523606674715929e-05,0,1
2023,1452,1242,-0.0972222222222222,1.9572576455223756,-0.3999999999999999,0.0059523809523809,0,9,1,5.380780117203348e-05,0,1
2023,1436,1266,-0.0977088948787061,7.765482430596,-0.1111111111111111,-0.0791778975741239,0,15,2,4.8108929667753296e-05,0,1
2023,1231,1242,-0.1322142064372918,10.956749234855138,-0.125,0.2744173140954495,0,4,1,4.7111922608913865e-05,0,1
2023,1235,1234,-0.1927966101694915,-3.0369153847115804,0.1999999999999999,-0.2771892655367231,0,6,8,4.5501189737162346e-05,0,1
2023,1124,1235,-0.1716255442670536,4.920735820979129,0.0666666666666666,0.0493468795355587,0,3,6,4.13419670354165e-05,0,1
2023,1120,1104,-0.2740289664252797,-4.187085885486546,0.368421052631579,-0.0500329163923634,0,9,1,3.126580696050145e-05,0,1
2023,1338,1452,-0.1187134502923976,13.062458034400754,0.0,0.0666666666666667,0,11,9,2.3972781839811622e-05,0,1
2023,1242,1395,-0.1648825453464169,3.7075279192247272,0.0588235294117647,-0.0942610764198632,0,1,6,2.390257927009111e-05,0,1
2023,1211,1163,-0.1430555555555556,2.61799605239178,-0.368421052631579,0.1722222222222222,0,3,4,2.068991921612142e-05,0,1
2023,1394,1104,-0.1852380952380953,-3.0388971615366707,-0.12,-0.0885714285714285,0,16,1,1.707210419675795e-05,0,1
2023,1274,1268,-0.1980645161290322,-12.29775956195967,-0.25,-0.2664516129032258,0,5,8,1.4217596041354615e-05,0,1
2023,1394,1280,-0.0995762711864406,4.426456740623525,-0.2631578947368421,-0.1846246973365617,0,16,11,1.3192792327977628e-05,0,1
2023,1202,1361,-0.1717241379310344,-0.8416738330924183,-0.3333333333333333,0.1186206896551723,0,13,5,1.3151290323051383e-05,0,1
2023,1228,1281,-0.2182886823400765,8.801862024485544,0.3846153846153846,0.0013668671405139,0,9,7,1.0993089955705561e-05,0,1
2023,1331,1181,-0.1661706349206349,0.8278174189306888,-0.1999999999999999,-0.013640873015873,0,12,5,1.0780785844012205e-05,0,1
2023,1277,1345,-0.0290948275862068,7.007698184168776,-0.8333333333333333,-0.0459770114942528,0,7,1,3.4903362733273232e-06,0,1
2023,1246,1104,-0.2336377473363775,2.342684658377733,0.4545454545454546,-0.371892440385591,0,6,1,3.466090025733427e-06,0,1
2023,1452,1400,-0.1394675925925926,20.02065696527048,0.1578947368421053,0.0538194444444444,0,9,2,2.529648890601792e-06,0,1
2023,1297,1245,-0.321969696969697,0.2992014986092428,0.36,0.0757575757575757,0,16,13,1.2738265814761098e-06,0,1
2023,1281,1401,-0.2291902071563089,-14.059971126575904,-0.3333333333333333,-0.3551789077212806,0,7,7,1.0020852340200293e-06,0,1
2023,1281,1120,-0.1933811802232854,0.2600614109928436,-0.3913043478260869,0.0127591706539074,0,7,9,6.036987756695379e-07,0,1
2023,1244,1361,-0.1451990632318501,11.395398357036392,-0.2857142857142857,-0.001672800267648,0,14,5,3.608279881067605e-07,0,1
2023,1411,1222,-0.1603741496598639,15.577331043539749,-0.1111111111111111,-0.0272108843537414,0,16,1,1.4787649686447795e-07,0,1
2023,1120,1246,-0.2297932330827067,1.64177972491267,-0.2631578947368421,-0.013157894736842,0,9,6,1.3641495195999662e-07,0,1
2023,1421,1417,-0.1479925303454715,13.032934551996636,-0.375,-0.0149393090569561,0,15,2,6.453258287529414e-08,0,1
2023,1224,1246,-0.2415743861338469,7.530290575222027,0.1578947368421053,-0.2575830524795378,0,16,6,5.5061498574088636e-08,0,1
